,precipitacao_x,precipitacao_acc_x,temperatura_x,temperatura_aparente_x,umidade_relativa_x,pressao_x,precipitacao_y,precipitacao_acc_y,temperatura_y,temperatura_aparente_y,umidade_relativa_y,pressao_y,precipitacao,precipitacao_acc,temperatura,temperatura_aparente,umidade_relativa,pressao
0,1666137600000,1666137600000,1666137600000,1666137600000,1666137600000,1666137600000,2022-10-19 00:00:00,2022-10-19 00:00:00,2022-10-19 00:00:00,2022-10-19 00:00:00,2022-10-19 00:00:00,2022-10-19 00:00:00,0.0,0.0,17.071230468750002,16.215422342941366,96,1021.5225
1,1666141200000,1666141200000,1666141200000,1666141200000,1666141200000,1666141200000,2022-10-19 01:00:00,2022-10-19 01:00:00,2022-10-19 01:00:00,2022-10-19 01:00:00,2022-10-19 01:00:00,2022-10-19 01:00:00,0.0,0.0,17.457187500000032,16.582081518027934,92,1021.835
2,1666144800000,1666144800000,1666144800000,1666144800000,1666144800000,1666144800000,2022-10-19 02:00:00,2022-10-19 02:00:00,2022-10-19 02:00:00,2022-10-19 02:00:00,2022-10-19 02:00:00,2022-10-19 02:00:00,0.016,0.016,17.29029296875001,16.423531715329943,93,1020.8538000000001
3,1666148400000,1666148400000,1666148400000,1666148400000,1666148400000,1666148400000,2022-10-19 03:00:00,2022-10-19 03:00:00,2022-10-19 03:00:00,2022-10-19 03:00:00,2022-10-19 03:00:00,2022-10-19 03:00:00,0.011200000000000002,0.027200000000000002,17.320117187500045,16.45186472278695,92,1019.801
4,1666152000000,1666152000000,1666152000000,1666152000000,1666152000000,1666152000000,2022-10-19 04:00:00,2022-10-19 04:00:00,2022-10-19 04:00:00,2022-10-19 04:00:00,2022-10-19 04:00:00,2022-10-19 04:00:00,0.006400000000000003,0.033600000000000005,17.508300781250057,16.630639134606128,91,1019.5167
5,1666155600000,1666155600000,1666155600000,1666155600000,1666155600000,1666155600000,2022-10-19 05:00:00,2022-10-19 05:00:00,2022-10-19 05:00:00,2022-10-19 05:00:00,2022-10-19 05:00:00,2022-10-19 05:00:00,0.1216,0.1552,17.56974609375004,16.68901218074862,91,1018.2673
6,1666159200000,1666159200000,1666159200000,1666159200000,1666159200000,1666159200000,2022-10-19 06:00:00,2022-10-19 06:00:00,2022-10-19 06:00:00,2022-10-19 06:00:00,2022-10-19 06:00:00,2022-10-19 06:00:00,0.1488,0.304,17.611933593750052,16.729090305245734,91,1018.8166
7,1666162800000,1666162800000,1666162800000,1666162800000,1666162800000,1666162800000,2022-10-19 07:00:00,2022-10-19 07:00:00,2022-10-19 07:00:00,2022-10-19 07:00:00,2022-10-19 07:00:00,2022-10-19 07:00:00,0.030000000000000027,0.334,17.661425781250045,16.776107882780735,90,1018.0793000000001
8,1666166400000,1666166400000,1666166400000,1666166400000,1666166400000,1666166400000,2022-10-19 08:00:00,2022-10-19 08:00:00,2022-10-19 08:00:00,2022-10-19 08:00:00,2022-10-19 08:00:00,2022-10-19 08:00:00,1.066,1.4000000000000001,17.867714843750036,16.97208248969656,88,1019.2395
9,1666170000000,1666170000000,1666170000000,1666170000000,1666170000000,1666170000000,2022-10-19 09:00:00,2022-10-19 09:00:00,2022-10-19 09:00:00,2022-10-19 09:00:00,2022-10-19 09:00:00,2022-10-19 09:00:00,0.21199999999999997,1.612,17.94361328125001,17.04418600441676,88,1018.7837
10,1666173600000,1666173600000,1666173600000,1666173600000,1666173600000,1666173600000,2022-10-19 10:00:00,2022-10-19 10:00:00,2022-10-19 10:00:00,2022-10-19 10:00:00,2022-10-19 10:00:00,2022-10-19 10:00:00,0.040000000000000036,1.6520000000000001,18.603613281250034,17.671185996548957,85,1019.1283999999999
11,1666177200000,1666177200000,1666177200000,1666177200000,1666177200000,1666177200000,2022-10-19 11:00:00,2022-10-19 11:00:00,2022-10-19 11:00:00,2022-10-19 11:00:00,2022-10-19 11:00:00,2022-10-19 11:00:00,0.039999999999999813,1.692,19.47824218750003,18.502083447060073,81,1020.7919
12,1666180800000,1666180800000,1666180800000,1666180800000,1666180800000,1666180800000,2022-10-19 12:00:00,2022-10-19 12:00:00,2022-10-19 12:00:00,2022-10-19 12:00:00,2022-10-19 12:00:00,2022-10-19 12:00:00,0.040000000000000036,1.732,20.241542968750025,19.227219180148325,77,1020.0340000000001
13,1666184400000,1666184400000,1666184400000,1666184400000,1666184400000,1666184400000,2022-10-19 13:00:00,2022-10-19 13:00:00,2022-10-19 13:00:00,2022-10-19 13:00:00,2022-10-19 13:00:00,2022-10-19 13:00:00,0.0,1.732,22.866816406250052,22.8709824739621,64,1018.8557000000001
14,1666188000000,1666188000000,1666188000000,1666188000000,1666188000000,1666188000000,2022-10-19 14:00:00,2022-10-19 14:00:00,2022-10-19 14:00:00,2022-10-19 14:00:00,2022-10-19 14:00:00,2022-10-19 14:00:00,0.0,1.732,24.723750000000052,24.727777254218665,57,1018.0662
15,1666191600000,1666191600000,1666191600000,1666191600000,1666191600000,1666191600000,2022-10-19 15:00:00,2022-10-19 15:00:00,2022-10-19 15:00:00,2022-10-19 15:00:00,2022-10-19 15:00:00,2022-10-19 15:00:00,0.0,1.732,27.579199218750034,27.56901834667542,43,1016.8091000000001
16,1666195200000,1666195200000,1666195200000,1666195200000,1666195200000,1666195200000,2022-10-19 16:00:00,2022-10-19 16:00:00,2022-10-19 16:00:00,2022-10-19 16:00:00,2022-10-19 16:00:00,2022-10-19 16:00:00,0.0040000000000000036,1.736,28.023554687500052,27.92405346229353,39,1016.5413000000001
17,1666198800000,1666198800000,1666198800000,1666198800000,1666198800000,1666198800000,2022-10-19 17:00:00,2022-10-19 17:00:00,2022-10-19 17:00:00,2022-10-19 17:00:00,2022-10-19 17:00:00,2022-10-19 17:00:00,0.5080000000000002,2.244,25.685546875000057,25.68102859596445,51,1015.6625
18,1666202400000,1666202400000,1666202400000,1666202400000,1666202400000,1666202400000,2022-10-19 18:00:00,2022-10-19 18:00:00,2022-10-19 18:00:00,2022-10-19 18:00:00,2022-10-19 18:00:00,2022-10-19 18:00:00,2.384,4.628,24.279824218750036,24.29929621896025,64,1015.0924
19,1666206000000,1666206000000,1666206000000,1666206000000,1666206000000,1666206000000,2022-10-19 19:00:00,2022-10-19 19:00:00,2022-10-19 19:00:00,2022-10-19 19:00:00,2022-10-19 19:00:00,2022-10-19 19:00:00,0.04800000000000004,4.676,24.34982421875003,24.37167319500918,64,1014.8167
20,1666209600000,1666209600000,1666209600000,1666209600000,1666209600000,1666209600000,2022-10-19 20:00:00,2022-10-19 20:00:00,2022-10-19 20:00:00,2022-10-19 20:00:00,2022-10-19 20:00:00,2022-10-19 20:00:00,0.0,4.676,24.565371093750002,24.586084975143393,63,1015.5354000000001
21,1666213200000,1666213200000,1666213200000,1666213200000,1666213200000,1666213200000,2022-10-19 21:00:00,2022-10-19 21:00:00,2022-10-19 21:00:00,2022-10-19 21:00:00,2022-10-19 21:00:00,2022-10-19 21:00:00,0.0039999999999995595,4.68,24.364140625000005,24.38558725831402,64,1015.0261
22,1666216800000,1666216800000,1666216800000,1666216800000,1666216800000,1666216800000,2022-10-19 22:00:00,2022-10-19 22:00:00,2022-10-19 22:00:00,2022-10-19 22:00:00,2022-10-19 22:00:00,2022-10-19 22:00:00,0.0,4.68,23.45234375000001,23.482557384104922,70,1015.1819
23,1666220400000,1666220400000,1666220400000,1666220400000,1666220400000,1666220400000,2022-10-19 23:00:00,2022-10-19 23:00:00,2022-10-19 23:00:00,2022-10-19 23:00:00,2022-10-19 23:00:00,2022-10-19 23:00:00,0.0,4.68,22.821855468750016,22.856606854106587,74,1015.5930000000001
24,1666224000000,1666224000000,1666224000000,1666224000000,1666224000000,1666224000000,2022-10-20 00:00:00,2022-10-20 00:00:00,2022-10-20 00:00:00,2022-10-20 00:00:00,2022-10-20 00:00:00,2022-10-20 00:00:00,0.0,4.68,22.90455078125001,22.932314405999136,71,1016.05
25,1666227600000,1666227600000,1666227600000,1666227600000,1666227600000,1666227600000,2022-10-20 01:00:00,2022-10-20 01:00:00,2022-10-20 01:00:00,2022-10-20 01:00:00,2022-10-20 01:00:00,2022-10-20 01:00:00,0.0,4.68,22.486191406250043,22.507894677209492,71,1015.9055999999999
26,1666231200000,1666231200000,1666231200000,1666231200000,1666231200000,1666231200000,2022-10-20 02:00:00,2022-10-20 02:00:00,2022-10-20 02:00:00,2022-10-20 02:00:00,2022-10-20 02:00:00,2022-10-20 02:00:00,0.0,4.68,21.62130859375003,21.647240853005854,76,1015.5806
27,1666234800000,1666234800000,1666234800000,1666234800000,1666234800000,1666234800000,2022-10-20 03:00:00,2022-10-20 03:00:00,2022-10-20 03:00:00,2022-10-20 03:00:00,2022-10-20 03:00:00,2022-10-20 03:00:00,0.0,4.68,21.276972656250052,21.29966964260285,76,1015.4113000000001
28,1666238400000,1666238400000,1666238400000,1666238400000,1666238400000,1666238400000,2022-10-20 04:00:00,2022-10-20 04:00:00,2022-10-20 04:00:00,2022-10-20 04:00:00,2022-10-20 04:00:00,2022-10-20 04:00:00,0.0,4.68,21.040664062500014,21.060656278748752,76,1015.4311
29,1666242000000,1666242000000,1666242000000,1666242000000,1666242000000,1666242000000,2022-10-20 05:00:00,2022-10-20 05:00:00,2022-10-20 05:00:00,2022-10-20 05:00:00,2022-10-20 05:00:00,2022-10-20 05:00:00,0.0,4.68,20.780332031250055,19.739068783100464,74,1014.4793000000001
30,1666245600000,1666245600000,1666245600000,1666245600000,1666245600000,1666245600000,2022-10-20 06:00:00,2022-10-20 06:00:00,2022-10-20 06:00:00,2022-10-20 06:00:00,2022-10-20 06:00:00,2022-10-20 06:00:00,0.0,4.68,20.57169921875004,19.54086761371255,72,1013.7775
31,1666249200000,1666249200000,1666249200000,1666249200000,1666249200000,1666249200000,2022-10-20 07:00:00,2022-10-20 07:00:00,2022-10-20 07:00:00,2022-10-20 07:00:00,2022-10-20 07:00:00,2022-10-20 07:00:00,0.0,4.68,20.447636718750005,19.42300824019148,71,1013.4766000000001
32,1666252800000,1666252800000,1666252800000,1666252800000,1666252800000,1666252800000,2022-10-20 08:00:00,2022-10-20 08:00:00,2022-10-20 08:00:00,2022-10-20 08:00:00,2022-10-20 08:00:00,2022-10-20 08:00:00,0.0,4.68,20.307890625000027,19.290249452794882,70,1013.9083999999999
33,1666256400000,1666256400000,1666256400000,1666256400000,1666256400000,1666256400000,2022-10-20 09:00:00,2022-10-20 09:00:00,2022-10-20 09:00:00,2022-10-20 09:00:00,2022-10-20 09:00:00,2022-10-20 09:00:00,0.0,4.68,20.54953125000003,19.519808043664312,68,1014.2773
34,1666260000000,1666260000000,1666260000000,1666260000000,1666260000000,1666260000000,2022-10-20 10:00:00,2022-10-20 10:00:00,2022-10-20 10:00:00,2022-10-20 10:00:00,2022-10-20 10:00:00,2022-10-20 10:00:00,0.0,4.68,22.026914062500055,22.011895994736733,62,1013.9286
35,1666263600000,1666263600000,1666263600000,1666263600000,1666263600000,1666263600000,2022-10-20 11:00:00,2022-10-20 11:00:00,2022-10-20 11:00:00,2022-10-20 11:00:00,2022-10-20 11:00:00,2022-10-20 11:00:00,0.0,4.68,24.177617187500005,24.164490130037677,54,1014.1817
36,1666267200000,1666267200000,1666267200000,1666267200000,1666267200000,1666267200000,2022-10-20 12:00:00,2022-10-20 12:00:00,2022-10-20 12:00:00,2022-10-20 12:00:00,2022-10-20 12:00:00,2022-10-20 12:00:00,0.0,4.68,26.471757812500016,26.554308960097387,46,1014.1905
37,1666270800000,1666270800000,1666270800000,1666270800000,1666270800000,1666270800000,2022-10-20 13:00:00,2022-10-20 13:00:00,2022-10-20 13:00:00,2022-10-20 13:00:00,2022-10-20 13:00:00,2022-10-20 13:00:00,0.0,4.68,28.475175781250016,28.37539777905232,39,1013.8613
38,1666274400000,1666274400000,1666274400000,1666274400000,1666274400000,1666274400000,2022-10-20 14:00:00,2022-10-20 14:00:00,2022-10-20 14:00:00,2022-10-20 14:00:00,2022-10-20 14:00:00,2022-10-20 14:00:00,0.0,4.68,29.74656250000004,29.53989050878363,35,1012.4966000000001
39,1666278000000,1666278000000,1666278000000,1666278000000,1666278000000,1666278000000,2022-10-20 15:00:00,2022-10-20 15:00:00,2022-10-20 15:00:00,2022-10-20 15:00:00,2022-10-20 15:00:00,2022-10-20 15:00:00,0.004000000000000448,4.684,30.501328125000043,30.269980871238005,33,1011.7715000000001
40,1666281600000,1666281600000,1666281600000,1666281600000,1666281600000,1666281600000,2022-10-20 16:00:00,2022-10-20 16:00:00,2022-10-20 16:00:00,2022-10-20 16:00:00,2022-10-20 16:00:00,2022-10-20 16:00:00,0.2400000000000002,4.924,29.333066406250055,29.27516857485449,41,1011.5433
41,1666285200000,1666285200000,1666285200000,1666285200000,1666285200000,1666285200000,2022-10-20 17:00:00,2022-10-20 17:00:00,2022-10-20 17:00:00,2022-10-20 17:00:00,2022-10-20 17:00:00,2022-10-20 17:00:00,0.9319999999999995,5.856,26.122402343750025,26.36733012868953,61,1011.6824
42,1666288800000,1666288800000,1666288800000,1666288800000,1666288800000,1666288800000,2022-10-20 18:00:00,2022-10-20 18:00:00,2022-10-20 18:00:00,2022-10-20 18:00:00,2022-10-20 18:00:00,2022-10-20 18:00:00,0.46799999999999997,6.324,25.29664062500001,25.33130416849906,64,1010.4622999999999
43,1666292400000,1666292400000,1666292400000,1666292400000,1666292400000,1666292400000,2022-10-20 19:00:00,2022-10-20 19:00:00,2022-10-20 19:00:00,2022-10-20 19:00:00,2022-10-20 19:00:00,2022-10-20 19:00:00,0.008000000000000007,6.332,25.794238281250045,25.822392721403332,60,1009.9468
44,1666296000000,1666296000000,1666296000000,1666296000000,1666296000000,1666296000000,2022-10-20 20:00:00,2022-10-20 20:00:00,2022-10-20 20:00:00,2022-10-20 20:00:00,2022-10-20 20:00:00,2022-10-20 20:00:00,0.18400000000000016,6.516,26.040566406250036,26.25028536505002,57,1010.6281
45,1666299600000,1666299600000,1666299600000,1666299600000,1666299600000,1666299600000,2022-10-20 21:00:00,2022-10-20 21:00:00,2022-10-20 21:00:00,2022-10-20 21:00:00,2022-10-20 21:00:00,2022-10-20 21:00:00,0.11600000000000055,6.632000000000001,25.737402343750034,25.7560338162574,58,1010.855
46,1666303200000,1666303200000,1666303200000,1666303200000,1666303200000,1666303200000,2022-10-20 22:00:00,2022-10-20 22:00:00,2022-10-20 22:00:00,2022-10-20 22:00:00,2022-10-20 22:00:00,2022-10-20 22:00:00,0.03999999999999915,6.672,25.382753906250002,25.404467517434796,60,1009.8783
47,1666306800000,1666306800000,1666306800000,1666306800000,1666306800000,1666306800000,2022-10-20 23:00:00,2022-10-20 23:00:00,2022-10-20 23:00:00,2022-10-20 23:00:00,2022-10-20 23:00:00,2022-10-20 23:00:00,0.0,6.672,25.02291015625002,25.052322713672766,64,1010.1322
48,1666310400000,1666310400000,1666310400000,1666310400000,1666310400000,1666310400000,2022-10-21 00:00:00,2022-10-21 00:00:00,2022-10-21 00:00:00,2022-10-21 00:00:00,2022-10-21 00:00:00,2022-10-21 00:00:00,0.0,6.672,24.40302734375001,24.434030992501448,67,1010.8824000000001
49,1666314000000,1666314000000,1666314000000,1666314000000,1666314000000,1666314000000,2022-10-21 01:00:00,2022-10-21 01:00:00,2022-10-21 01:00:00,2022-10-21 01:00:00,2022-10-21 01:00:00,2022-10-21 01:00:00,0.0,6.672,23.709316406250025,23.731591116398363,67,1011.1152999999999
50,1666317600000,1666317600000,1666317600000,1666317600000,1666317600000,1666317600000,2022-10-21 02:00:00,2022-10-21 02:00:00,2022-10-21 02:00:00,2022-10-21 02:00:00,2022-10-21 02:00:00,2022-10-21 02:00:00,0.0,6.672,23.27927734375004,23.296716284737613,67,1010.372
51,1666321200000,1666321200000,1666321200000,1666321200000,1666321200000,1666321200000,2022-10-21 03:00:00,2022-10-21 03:00:00,2022-10-21 03:00:00,2022-10-21 03:00:00,2022-10-21 03:00:00,2022-10-21 03:00:00,0.0,6.672,23.185976562500002,23.196218463553436,65,1009.6596000000001
52,1666324800000,1666324800000,1666324800000,1666324800000,1666324800000,1666324800000,2022-10-21 04:00:00,2022-10-21 04:00:00,2022-10-21 04:00:00,2022-10-21 04:00:00,2022-10-21 04:00:00,2022-10-21 04:00:00,0.0,6.672,22.877070312500052,22.882649497361115,65,1009.7252000000001
53,1666328400000,1666328400000,1666328400000,1666328400000,1666328400000,1666328400000,2022-10-21 05:00:00,2022-10-21 05:00:00,2022-10-21 05:00:00,2022-10-21 05:00:00,2022-10-21 05:00:00,2022-10-21 05:00:00,0.0,6.672,22.593339843750016,22.593855878834347,64,1008.8781
54,1666332000000,1666332000000,1666332000000,1666332000000,1666332000000,1666332000000,2022-10-21 06:00:00,2022-10-21 06:00:00,2022-10-21 06:00:00,2022-10-21 06:00:00,2022-10-21 06:00:00,2022-10-21 06:00:00,0.0,6.672,22.344550781250007,22.33993499348236,64,1008.2166000000001
55,1666335600000,1666335600000,1666335600000,1666335600000,1666335600000,1666335600000,2022-10-21 07:00:00,2022-10-21 07:00:00,2022-10-21 07:00:00,2022-10-21 07:00:00,2022-10-21 07:00:00,2022-10-21 07:00:00,0.0,6.672,22.342285156250057,22.333500786716684,62,1007.6946
56,1666339200000,1666339200000,1666339200000,1666339200000,1666339200000,1666339200000,2022-10-21 08:00:00,2022-10-21 08:00:00,2022-10-21 08:00:00,2022-10-21 08:00:00,2022-10-21 08:00:00,2022-10-21 08:00:00,0.0,6.672,22.636816406250034,22.61906973342201,58,1008.1818000000001
57,1666342800000,1666342800000,1666342800000,1666342800000,1666342800000,1666342800000,2022-10-21 09:00:00,2022-10-21 09:00:00,2022-10-21 09:00:00,2022-10-21 09:00:00,2022-10-21 09:00:00,2022-10-21 09:00:00,0.0,6.672,23.589628906250027,23.559628785430732,51,1008.3397
58,1666346400000,1666346400000,1666346400000,1666346400000,1666346400000,1666346400000,2022-10-21 10:00:00,2022-10-21 10:00:00,2022-10-21 10:00:00,2022-10-21 10:00:00,2022-10-21 10:00:00,2022-10-21 10:00:00,0.0,6.672,25.00019531250001,24.971730105714272,46,1008.2424000000001
59,1666350000000,1666350000000,1666350000000,1666350000000,1666350000000,1666350000000,2022-10-21 11:00:00,2022-10-21 11:00:00,2022-10-21 11:00:00,2022-10-21 11:00:00,2022-10-21 11:00:00,2022-10-21 11:00:00,0.0,6.672,26.334570312500034,26.387634456449973,43,1009.0293
60,1666353600000,1666353600000,1666353600000,1666353600000,1666353600000,1666353600000,2022-10-21 12:00:00,2022-10-21 12:00:00,2022-10-21 12:00:00,2022-10-21 12:00:00,2022-10-21 12:00:00,2022-10-21 12:00:00,0.0,6.672,27.460195312500048,27.41262099148443,40,1009.7090000000001
61,1666357200000,1666357200000,1666357200000,1666357200000,1666357200000,1666357200000,2022-10-21 13:00:00,2022-10-21 13:00:00,2022-10-21 13:00:00,2022-10-21 13:00:00,2022-10-21 13:00:00,2022-10-21 13:00:00,0.0,6.672,27.666601562500034,27.58925934460362,39,1010.2896000000001
62,1666360800000,1666360800000,1666360800000,1666360800000,1666360800000,1666360800000,2022-10-21 14:00:00,2022-10-21 14:00:00,2022-10-21 14:00:00,2022-10-21 14:00:00,2022-10-21 14:00:00,2022-10-21 14:00:00,0.09600000000000009,6.768,25.17722656250004,25.163397369726397,50,1010.1442
63,1666364400000,1666364400000,1666364400000,1666364400000,1666364400000,1666364400000,2022-10-21 15:00:00,2022-10-21 15:00:00,2022-10-21 15:00:00,2022-10-21 15:00:00,2022-10-21 15:00:00,2022-10-21 15:00:00,0.06400000000000006,6.832,25.01441406250001,25.006056630171372,52,1009.8201000000001
64,1666368000000,1666368000000,1666368000000,1666368000000,1666368000000,1666368000000,2022-10-21 16:00:00,2022-10-21 16:00:00,2022-10-21 16:00:00,2022-10-21 16:00:00,2022-10-21 16:00:00,2022-10-21 16:00:00,0.0,6.832,27.627871093750002,27.622487802507152,44,1009.1888
65,1666371600000,1666371600000,1666371600000,1666371600000,1666371600000,1666371600000,2022-10-21 17:00:00,2022-10-21 17:00:00,2022-10-21 17:00:00,2022-10-21 17:00:00,2022-10-21 17:00:00,2022-10-21 17:00:00,0.016000000000000014,6.848,29.760390625000014,29.588162141021655,36,1007.6504000000001
66,1666375200000,1666375200000,1666375200000,1666375200000,1666375200000,1666375200000,2022-10-21 18:00:00,2022-10-21 18:00:00,2022-10-21 18:00:00,2022-10-21 18:00:00,2022-10-21 18:00:00,2022-10-21 18:00:00,0.06400000000000006,6.912,29.90031250000004,29.74453135310739,37,1006.9029
67,1666378800000,1666378800000,1666378800000,1666378800000,1666378800000,1666378800000,2022-10-21 19:00:00,2022-10-21 19:00:00,2022-10-21 19:00:00,2022-10-21 19:00:00,2022-10-21 19:00:00,2022-10-21 19:00:00,0.3520000000000003,7.264,27.96648437500005,27.956830449351003,44,1007.3952
68,1666382400000,1666382400000,1666382400000,1666382400000,1666382400000,1666382400000,2022-10-21 20:00:00,2022-10-21 20:00:00,2022-10-21 20:00:00,2022-10-21 20:00:00,2022-10-21 20:00:00,2022-10-21 20:00:00,0.05600000000000005,7.32,28.14937500000002,28.14238542749314,44,1007.9754
69,1666386000000,1666386000000,1666386000000,1666386000000,1666386000000,1666386000000,2022-10-21 21:00:00,2022-10-21 21:00:00,2022-10-21 21:00:00,2022-10-21 21:00:00,2022-10-21 21:00:00,2022-10-21 21:00:00,0.016000000000000014,7.336,27.486484375000032,27.491483568364515,44,1008.8222000000001
70,1666389600000,1666389600000,1666389600000,1666389600000,1666389600000,1666389600000,2022-10-21 22:00:00,2022-10-21 22:00:00,2022-10-21 22:00:00,2022-10-21 22:00:00,2022-10-21 22:00:00,2022-10-21 22:00:00,0.0,7.336,26.982812500000023,27.03796449665242,46,1008.7469
71,1666393200000,1666393200000,1666393200000,1666393200000,1666393200000,1666393200000,2022-10-21 23:00:00,2022-10-21 23:00:00,2022-10-21 23:00:00,2022-10-21 23:00:00,2022-10-21 23:00:00,2022-10-21 23:00:00,0.0,7.336,26.134296875000018,26.300917889986238,53,1009.3895
72,1666396800000,1666396800000,1666396800000,1666396800000,1666396800000,1666396800000,2022-10-22 00:00:00,2022-10-22 00:00:00,2022-10-22 00:00:00,2022-10-22 00:00:00,2022-10-22 00:00:00,2022-10-22 00:00:00,0.0,7.336,24.808378906250027,24.829337426568685,62,1010.0507000000001
73,1666400400000,1666400400000,1666400400000,1666400400000,1666400400000,1666400400000,2022-10-22 01:00:00,2022-10-22 01:00:00,2022-10-22 01:00:00,2022-10-22 01:00:00,2022-10-22 01:00:00,2022-10-22 01:00:00,0.0,7.336,24.200507812500007,24.225734320499043,66,1010.4105999999999
74,1666404000000,1666404000000,1666404000000,1666404000000,1666404000000,1666404000000,2022-10-22 02:00:00,2022-10-22 02:00:00,2022-10-22 02:00:00,2022-10-22 02:00:00,2022-10-22 02:00:00,2022-10-22 02:00:00,0.04800000000000004,7.384,23.68580078125001,23.715925082479146,69,1010.0205000000001
75,1666407600000,1666407600000,1666407600000,1666407600000,1666407600000,1666407600000,2022-10-22 03:00:00,2022-10-22 03:00:00,2022-10-22 03:00:00,2022-10-22 03:00:00,2022-10-22 03:00:00,2022-10-22 03:00:00,0.2320000000000002,7.6160000000000005,23.312558593750055,23.34291284032838,71,1010.0718
76,1666411200000,1666411200000,1666411200000,1666411200000,1666411200000,1666411200000,2022-10-22 04:00:00,2022-10-22 04:00:00,2022-10-22 04:00:00,2022-10-22 04:00:00,2022-10-22 04:00:00,2022-10-22 04:00:00,0.7039999999999997,8.32,22.33982421875004,22.37017692159904,74,1010.7607
77,1666414800000,1666414800000,1666414800000,1666414800000,1666414800000,1666414800000,2022-10-22 05:00:00,2022-10-22 05:00:00,2022-10-22 05:00:00,2022-10-22 05:00:00,2022-10-22 05:00:00,2022-10-22 05:00:00,0.4079999999999995,8.728,21.952050781250023,21.978613238451715,75,1010.4248
78,1666418400000,1666418400000,1666418400000,1666418400000,1666418400000,1666418400000,2022-10-22 06:00:00,2022-10-22 06:00:00,2022-10-22 06:00:00,2022-10-22 06:00:00,2022-10-22 06:00:00,2022-10-22 06:00:00,0.05600000000000094,8.784,21.527832031250057,21.511561385104358,63,1010.1233
79,1666422000000,1666422000000,1666422000000,1666422000000,1666422000000,1666422000000,2022-10-22 07:00:00,2022-10-22 07:00:00,2022-10-22 07:00:00,2022-10-22 07:00:00,2022-10-22 07:00:00,2022-10-22 07:00:00,0.03999999999999915,8.824,20.630468750000034,19.596698667699457,57,1010.8822
80,1666425600000,1666425600000,1666425600000,1666425600000,1666425600000,1666425600000,2022-10-22 08:00:00,2022-10-22 08:00:00,2022-10-22 08:00:00,2022-10-22 08:00:00,2022-10-22 08:00:00,2022-10-22 08:00:00,0.05600000000000094,8.88,19.11863281250004,18.160454545096968,66,1012.916
81,1666429200000,1666429200000,1666429200000,1666429200000,1666429200000,1666429200000,2022-10-22 09:00:00,2022-10-22 09:00:00,2022-10-22 09:00:00,2022-10-22 09:00:00,2022-10-22 09:00:00,2022-10-22 09:00:00,0.016000000000000014,8.896,18.463652343750027,17.538223107592415,68,1013.6691000000001
82,1666432800000,1666432800000,1666432800000,1666432800000,1666432800000,1666432800000,2022-10-22 10:00:00,2022-10-22 10:00:00,2022-10-22 10:00:00,2022-10-22 10:00:00,2022-10-22 10:00:00,2022-10-22 10:00:00,0.007999999999999119,8.904,19.013281250000034,18.060370561977834,64,1013.6748
83,1666436400000,1666436400000,1666436400000,1666436400000,1666436400000,1666436400000,2022-10-22 11:00:00,2022-10-22 11:00:00,2022-10-22 11:00:00,2022-10-22 11:00:00,2022-10-22 11:00:00,2022-10-22 11:00:00,0.0,8.904,20.065039062500034,19.059540471314904,59,1014.5599000000001
84,1666440000000,1666440000000,1666440000000,1666440000000,1666440000000,1666440000000,2022-10-22 12:00:00,2022-10-22 12:00:00,2022-10-22 12:00:00,2022-10-22 12:00:00,2022-10-22 12:00:00,2022-10-22 12:00:00,0.008000000000000895,8.912,20.568789062500002,19.53810296530972,61,1015.4855
85,1666443600000,1666443600000,1666443600000,1666443600000,1666443600000,1666443600000,2022-10-22 13:00:00,2022-10-22 13:00:00,2022-10-22 13:00:00,2022-10-22 13:00:00,2022-10-22 13:00:00,2022-10-22 13:00:00,0.0,8.912,21.105820312500043,21.07149396764251,59,1015.5896
86,1666447200000,1666447200000,1666447200000,1666447200000,1666447200000,1666447200000,2022-10-22 14:00:00,2022-10-22 14:00:00,2022-10-22 14:00:00,2022-10-22 14:00:00,2022-10-22 14:00:00,2022-10-22 14:00:00,0.0,8.912,21.932851562500048,21.90264760310498,57,1014.6343
87,1666450800000,1666450800000,1666450800000,1666450800000,1666450800000,1666450800000,2022-10-22 15:00:00,2022-10-22 15:00:00,2022-10-22 15:00:00,2022-10-22 15:00:00,2022-10-22 15:00:00,2022-10-22 15:00:00,0.007999999999999119,8.92,20.011054687500007,19.008255315708425,70,1015.4297
88,1666454400000,1666454400000,1666454400000,1666454400000,1666454400000,1666454400000,2022-10-22 16:00:00,2022-10-22 16:00:00,2022-10-22 16:00:00,2022-10-22 16:00:00,2022-10-22 16:00:00,2022-10-22 16:00:00,0.008000000000000895,8.928,18.419257812500007,17.496048303434122,81,1016.1685000000001
89,1666458000000,1666458000000,1666458000000,1666458000000,1666458000000,1666458000000,2022-10-22 17:00:00,2022-10-22 17:00:00,2022-10-22 17:00:00,2022-10-22 17:00:00,2022-10-22 17:00:00,2022-10-22 17:00:00,0.04800000000000004,8.976,17.081660156250052,16.225330545942086,87,1016.413
90,1666461600000,1666461600000,1666461600000,1666461600000,1666461600000,1666461600000,2022-10-22 18:00:00,2022-10-22 18:00:00,2022-10-22 18:00:00,2022-10-22 18:00:00,2022-10-22 18:00:00,2022-10-22 18:00:00,0.06400000000000006,9.040000000000001,16.62492187500004,15.791429184199302,86,1016.177
91,1666465200000,1666465200000,1666465200000,1666465200000,1666465200000,1666465200000,2022-10-22 19:00:00,2022-10-22 19:00:00,2022-10-22 19:00:00,2022-10-22 19:00:00,2022-10-22 19:00:00,2022-10-22 19:00:00,0.03999999999999915,9.08,16.81876953125004,15.975584455325958,82,1016.4976000000001
92,1666468800000,1666468800000,1666468800000,1666468800000,1666468800000,1666468800000,2022-10-22 20:00:00,2022-10-22 20:00:00,2022-10-22 20:00:00,2022-10-22 20:00:00,2022-10-22 20:00:00,2022-10-22 20:00:00,0.2159999999999993,9.296,16.251757812500045,15.436923329272787,87,1017.7769999999999
93,1666472400000,1666472400000,1666472400000,1666472400000,1666472400000,1666472400000,2022-10-22 21:00:00,2022-10-22 21:00:00,2022-10-22 21:00:00,2022-10-22 21:00:00,2022-10-22 21:00:00,2022-10-22 21:00:00,0.2560000000000002,9.552,15.839667968750007,15.04543798262273,90,1018.5341000000001
94,1666476000000,1666476000000,1666476000000,1666476000000,1666476000000,1666476000000,2022-10-22 22:00:00,2022-10-22 22:00:00,2022-10-22 22:00:00,2022-10-22 22:00:00,2022-10-22 22:00:00,2022-10-22 22:00:00,0.15200000000000102,9.704,15.496074218750039,14.719023924218732,92,1018.4408
95,1666479600000,1666479600000,1666479600000,1666479600000,1666479600000,1666479600000,2022-10-22 23:00:00,2022-10-22 23:00:00,2022-10-22 23:00:00,2022-10-22 23:00:00,2022-10-22 23:00:00,2022-10-22 23:00:00,0.023999999999999133,9.728,15.290312500000027,14.523550293859074,93,1019.3482
96,1666483200000,1666483200000,1666483200000,1666483200000,1666483200000,1666483200000,2022-10-23 00:00:00,2022-10-23 00:00:00,2022-10-23 00:00:00,2022-10-23 00:00:00,2022-10-23 00:00:00,2022-10-23 00:00:00,0.03200000000000003,9.76,15.206523437500039,14.443950685482946,94,1020.3806
97,1666486800000,1666486800000,1666486800000,1666486800000,1666486800000,1666486800000,2022-10-23 01:00:00,2022-10-23 01:00:00,2022-10-23 01:00:00,2022-10-23 01:00:00,2022-10-23 01:00:00,2022-10-23 01:00:00,0.07200000000000095,9.832,15.082226562500011,14.325868655714658,95,1020.6831
98,1666490400000,1666490400000,1666490400000,1666490400000,1666490400000,1666490400000,2022-10-23 02:00:00,2022-10-23 02:00:00,2022-10-23 02:00:00,2022-10-23 02:00:00,2022-10-23 02:00:00,2022-10-23 02:00:00,0.1039999999999992,9.936,14.854277343750027,14.109316900619518,96,1019.762
99,1666494000000,1666494000000,1666494000000,1666494000000,1666494000000,1666494000000,2022-10-23 03:00:00,2022-10-23 03:00:00,2022-10-23 03:00:00,2022-10-23 03:00:00,2022-10-23 03:00:00,2022-10-23 03:00:00,0.08000000000000007,10.016,14.748906250000005,14.00921436281314,97,1019.6181
100,1666497600000,1666497600000,1666497600000,1666497600000,1666497600000,1666497600000,2022-10-23 04:00:00,2022-10-23 04:00:00,2022-10-23 04:00:00,2022-10-23 04:00:00,2022-10-23 04:00:00,2022-10-23 04:00:00,0.008000000000000895,10.024000000000001,14.716582031250027,13.978506355385974,96,1020.2683999999999
101,1666501200000,1666501200000,1666501200000,1666501200000,1666501200000,1666501200000,2022-10-23 05:00:00,2022-10-23 05:00:00,2022-10-23 05:00:00,2022-10-23 05:00:00,2022-10-23 05:00:00,2022-10-23 05:00:00,0.0,10.024000000000001,14.618750000000034,13.885565926864729,95,1019.5135
102,1666504800000,1666504800000,1666504800000,1666504800000,1666504800000,1666504800000,2022-10-23 06:00:00,2022-10-23 06:00:00,2022-10-23 06:00:00,2022-10-23 06:00:00,2022-10-23 06:00:00,2022-10-23 06:00:00,0.007999999999999119,10.032,14.449042968750007,13.724344249200271,96,1018.5304000000001
103,1666508400000,1666508400000,1666508400000,1666508400000,1666508400000,1666508400000,2022-10-23 07:00:00,2022-10-23 07:00:00,2022-10-23 07:00:00,2022-10-23 07:00:00,2022-10-23 07:00:00,2022-10-23 07:00:00,0.040000000000000924,10.072000000000001,14.330664062500034,13.61188428967398,97,1018.4397
104,1666512000000,1666512000000,1666512000000,1666512000000,1666512000000,1666512000000,2022-10-23 08:00:00,2022-10-23 08:00:00,2022-10-23 08:00:00,2022-10-23 08:00:00,2022-10-23 08:00:00,2022-10-23 08:00:00,0.05599999999999916,10.128,14.366679687500039,13.646099132994664,97,1019.4960000000001
105,1666515600000,1666515600000,1666515600000,1666515600000,1666515600000,1666515600000,2022-10-23 09:00:00,2022-10-23 09:00:00,2022-10-23 09:00:00,2022-10-23 09:00:00,2022-10-23 09:00:00,2022-10-23 09:00:00,0.0,10.128,14.554609375000041,13.82463233387935,95,1020.0753
106,1666519200000,1666519200000,1666519200000,1666519200000,1666519200000,1666519200000,2022-10-23 10:00:00,2022-10-23 10:00:00,2022-10-23 10:00:00,2022-10-23 10:00:00,2022-10-23 10:00:00,2022-10-23 10:00:00,0.02400000000000091,10.152000000000001,15.448730468750057,14.674047362283119,86,1019.9442
107,1666522800000,1666522800000,1666522800000,1666522800000,1666522800000,1666522800000,2022-10-23 11:00:00,2022-10-23 11:00:00,2022-10-23 11:00:00,2022-10-23 11:00:00,2022-10-23 11:00:00,2022-10-23 11:00:00,0.03999999999999915,10.192,16.436074218750036,15.612023913013047,78,1020.5836
108,1666526400000,1666526400000,1666526400000,1666526400000,1666526400000,1666526400000,2022-10-23 12:00:00,2022-10-23 12:00:00,2022-10-23 12:00:00,2022-10-23 12:00:00,2022-10-23 12:00:00,2022-10-23 12:00:00,0.1039999999999992,10.296,17.273222656250027,16.407314918658443,73,1021.4322
109,1666530000000,1666530000000,1666530000000,1666530000000,1666530000000,1666530000000,2022-10-23 13:00:00,2022-10-23 13:00:00,2022-10-23 13:00:00,2022-10-23 13:00:00,2022-10-23 13:00:00,2022-10-23 13:00:00,0.17600000000000016,10.472,17.701074218750023,16.81377389793306,71,1021.6697
110,1666533600000,1666533600000,1666533600000,1666533600000,1666533600000,1666533600000,2022-10-23 14:00:00,2022-10-23 14:00:00,2022-10-23 14:00:00,2022-10-23 14:00:00,2022-10-23 14:00:00,2022-10-23 14:00:00,0.18400000000000105,10.656,17.781562500000007,16.890237764161043,71,1021.1499
111,1666537200000,1666537200000,1666537200000,1666537200000,1666537200000,1666537200000,2022-10-23 15:00:00,2022-10-23 15:00:00,2022-10-23 15:00:00,2022-10-23 15:00:00,2022-10-23 15:00:00,2022-10-23 15:00:00,0.24799999999999933,10.904,17.83634765625004,16.94228366194548,71,1021.0364
112,1666540800000,1666540800000,1666540800000,1666540800000,1666540800000,1666540800000,2022-10-23 16:00:00,2022-10-23 16:00:00,2022-10-23 16:00:00,2022-10-23 16:00:00,2022-10-23 16:00:00,2022-10-23 16:00:00,0.27200000000000024,11.176,17.53757812500004,16.65845261081961,74,1021.3672
113,1666544400000,1666544400000,1666544400000,1666544400000,1666544400000,1666544400000,2022-10-23 17:00:00,2022-10-23 17:00:00,2022-10-23 17:00:00,2022-10-23 17:00:00,2022-10-23 17:00:00,2022-10-23 17:00:00,0.2159999999999993,11.392,17.130234375000043,16.27147605317552,77,1020.7661999999999
114,1666548000000,1666548000000,1666548000000,1666548000000,1666548000000,1666548000000,2022-10-23 18:00:00,2022-10-23 18:00:00,2022-10-23 18:00:00,2022-10-23 18:00:00,2022-10-23 18:00:00,2022-10-23 18:00:00,0.18400000000000105,11.576,16.805234375000055,15.96272605704982,80,1019.9621000000001
115,1666551600000,1666551600000,1666551600000,1666551600000,1666551600000,1666551600000,2022-10-23 19:00:00,2022-10-23 19:00:00,2022-10-23 19:00:00,2022-10-23 19:00:00,2022-10-23 19:00:00,2022-10-23 19:00:00,0.09600000000000009,11.672,16.767578125000057,15.92695261999873,80,1019.6762
116,1666555200000,1666555200000,1666555200000,1666555200000,1666555200000,1666555200000,2022-10-23 20:00:00,2022-10-23 20:00:00,2022-10-23 20:00:00,2022-10-23 20:00:00,2022-10-23 20:00:00,2022-10-23 20:00:00,0.11999999999999922,11.792,16.631914062500016,15.798071762240937,81,1020.4642
117,1666558800000,1666558800000,1666558800000,1666558800000,1666558800000,1666558800000,2022-10-23 21:00:00,2022-10-23 21:00:00,2022-10-23 21:00:00,2022-10-23 21:00:00,2022-10-23 21:00:00,2022-10-23 21:00:00,0.05600000000000094,11.848,16.038867187500045,15.234677238060641,85,1020.9363000000001
118,1666562400000,1666562400000,1666562400000,1666562400000,1666562400000,1666562400000,2022-10-23 22:00:00,2022-10-23 22:00:00,2022-10-23 22:00:00,2022-10-23 22:00:00,2022-10-23 22:00:00,2022-10-23 22:00:00,0.03999999999999915,11.888,15.606230468750027,14.823672360405538,87,1020.6244
119,1666566000000,1666566000000,1666566000000,1666566000000,1666566000000,1666566000000,2022-10-23 23:00:00,2022-10-23 23:00:00,2022-10-23 23:00:00,2022-10-23 23:00:00,2022-10-23 23:00:00,2022-10-23 23:00:00,0.03200000000000003,11.92,15.388417968750048,14.616750488002083,89,1021.3265000000001
120,1666569600000,1666569600000,1666569600000,1666569600000,1666569600000,1666569600000,2022-10-24 00:00:00,2022-10-24 00:00:00,2022-10-24 00:00:00,2022-10-24 00:00:00,2022-10-24 00:00:00,2022-10-24 00:00:00,0.0,11.92,15.316718750000007,14.54863623104427,89,1022.4730000000001
121,1666573200000,1666573200000,1666573200000,1666573200000,1666573200000,1666573200000,2022-10-24 01:00:00,2022-10-24 01:00:00,2022-10-24 01:00:00,2022-10-24 01:00:00,2022-10-24 01:00:00,2022-10-24 01:00:00,0.0,11.92,15.289746093750011,14.523012207928332,89,1022.8227
122,1666576800000,1666576800000,1666576800000,1666576800000,1666576800000,1666576800000,2022-10-24 02:00:00,2022-10-24 02:00:00,2022-10-24 02:00:00,2022-10-24 02:00:00,2022-10-24 02:00:00,2022-10-24 02:00:00,0.0,11.92,15.00777343750002,14.255138187852197,90,1021.9901000000001
123,1666580400000,1666580400000,1666580400000,1666580400000,1666580400000,1666580400000,2022-10-24 03:00:00,2022-10-24 03:00:00,2022-10-24 03:00:00,2022-10-24 03:00:00,2022-10-24 03:00:00,2022-10-24 03:00:00,0.0,11.92,14.653203125000005,13.91829639520401,92,1021.6059
124,1666584000000,1666584000000,1666584000000,1666584000000,1666584000000,1666584000000,2022-10-24 04:00:00,2022-10-24 04:00:00,2022-10-24 04:00:00,2022-10-24 04:00:00,2022-10-24 04:00:00,2022-10-24 04:00:00,0.0,11.92,14.622871093750007,13.889480965878079,92,1022.2301000000001
125,1666587600000,1666587600000,1666587600000,1666587600000,1666587600000,1666587600000,2022-10-24 05:00:00,2022-10-24 05:00:00,2022-10-24 05:00:00,2022-10-24 05:00:00,2022-10-24 05:00:00,2022-10-24 05:00:00,0.0,11.92,14.484902343750036,13.758410655022828,92,1021.5679000000001
126,1666591200000,1666591200000,1666591200000,1666591200000,1666591200000,1666591200000,2022-10-24 06:00:00,2022-10-24 06:00:00,2022-10-24 06:00:00,2022-10-24 06:00:00,2022-10-24 06:00:00,2022-10-24 06:00:00,0.008000000000000895,11.928,14.291328125000007,13.574515149517879,93,1020.7186999999999
127,1666594800000,1666594800000,1666594800000,1666594800000,1666594800000,1666594800000,2022-10-24 07:00:00,2022-10-24 07:00:00,2022-10-24 07:00:00,2022-10-24 07:00:00,2022-10-24 07:00:00,2022-10-24 07:00:00,0.0,11.928,13.998046875000057,13.295897965514115,95,1020.5216
128,1666598400000,1666598400000,1666598400000,1666598400000,1666598400000,1666598400000,2022-10-24 08:00:00,2022-10-24 08:00:00,2022-10-24 08:00:00,2022-10-24 08:00:00,2022-10-24 08:00:00,2022-10-24 08:00:00,0.0,11.928,13.761835937500052,13.071497577704974,96,1021.2864
129,1666602000000,1666602000000,1666602000000,1666602000000,1666602000000,1666602000000,2022-10-24 09:00:00,2022-10-24 09:00:00,2022-10-24 09:00:00,2022-10-24 09:00:00,2022-10-24 09:00:00,2022-10-24 09:00:00,0.0,11.928,13.684628906250055,12.998150898937837,96,1021.743
130,1666605600000,1666605600000,1666605600000,1666605600000,1666605600000,1666605600000,2022-10-24 10:00:00,2022-10-24 10:00:00,2022-10-24 10:00:00,2022-10-24 10:00:00,2022-10-24 10:00:00,2022-10-24 10:00:00,0.0,11.928,14.892578125000057,14.145702642350471,85,1021.5821000000001
131,1666609200000,1666609200000,1666609200000,1666609200000,1666609200000,1666609200000,2022-10-24 11:00:00,2022-10-24 11:00:00,2022-10-24 11:00:00,2022-10-24 11:00:00,2022-10-24 11:00:00,2022-10-24 11:00:00,0.0,11.928,17.624296875000027,16.740835422285812,66,1021.8911
132,1666612800000,1666612800000,1666612800000,1666612800000,1666612800000,1666612800000,2022-10-24 12:00:00,2022-10-24 12:00:00,2022-10-24 12:00:00,2022-10-24 12:00:00,2022-10-24 12:00:00,2022-10-24 12:00:00,0.0,11.928,19.34587890625005,18.376338331450484,59,1022.1061
133,1666616400000,1666616400000,1666616400000,1666616400000,1666616400000,1666616400000,2022-10-24 13:00:00,2022-10-24 13:00:00,2022-10-24 13:00:00,2022-10-24 13:00:00,2022-10-24 13:00:00,2022-10-24 13:00:00,0.0,11.928,20.735488281250014,19.69646722113501,54,1021.5814
134,1666620000000,1666620000000,1666620000000,1666620000000,1666620000000,1666620000000,2022-10-24 14:00:00,2022-10-24 14:00:00,2022-10-24 14:00:00,2022-10-24 14:00:00,2022-10-24 14:00:00,2022-10-24 14:00:00,0.0,11.928,21.55876953125005,21.506563053227353,52,1020.4059
135,1666623600000,1666623600000,1666623600000,1666623600000,1666623600000,1666623600000,2022-10-24 15:00:00,2022-10-24 15:00:00,2022-10-24 15:00:00,2022-10-24 15:00:00,2022-10-24 15:00:00,2022-10-24 15:00:00,0.0,11.928,22.698144531250023,22.64516657471404,47,1019.6405
136,1666627200000,1666627200000,1666627200000,1666627200000,1666627200000,1666627200000,2022-10-24 16:00:00,2022-10-24 16:00:00,2022-10-24 16:00:00,2022-10-24 16:00:00,2022-10-24 16:00:00,2022-10-24 16:00:00,0.0,11.928,23.033691406250057,22.985360399862856,48,1019.4773
137,1666630800000,1666630800000,1666630800000,1666630800000,1666630800000,1666630800000,2022-10-24 17:00:00,2022-10-24 17:00:00,2022-10-24 17:00:00,2022-10-24 17:00:00,2022-10-24 17:00:00,2022-10-24 17:00:00,0.0,11.928,22.587910156250018,22.541814717382294,50,1018.6502
138,1666634400000,1666634400000,1666634400000,1666634400000,1666634400000,1666634400000,2022-10-24 18:00:00,2022-10-24 18:00:00,2022-10-24 18:00:00,2022-10-24 18:00:00,2022-10-24 18:00:00,2022-10-24 18:00:00,0.0,11.928,20.982929687500018,19.9315365541228,60,1018.0391999999999
139,1666638000000,1666638000000,1666638000000,1666638000000,1666638000000,1666638000000,2022-10-24 19:00:00,2022-10-24 19:00:00,2022-10-24 19:00:00,2022-10-24 19:00:00,2022-10-24 19:00:00,2022-10-24 19:00:00,0.0,11.928,19.980859375000023,18.979569769193404,66,1017.9405
140,1666641600000,1666641600000,1666641600000,1666641600000,1666641600000,1666641600000,2022-10-24 20:00:00,2022-10-24 20:00:00,2022-10-24 20:00:00,2022-10-24 20:00:00,2022-10-24 20:00:00,2022-10-24 20:00:00,0.0,11.928,18.667539062500055,17.73191548797442,74,1018.8176000000001
141,1666645200000,1666645200000,1666645200000,1666645200000,1666645200000,1666645200000,2022-10-24 21:00:00,2022-10-24 21:00:00,2022-10-24 21:00:00,2022-10-24 21:00:00,2022-10-24 21:00:00,2022-10-24 21:00:00,0.0,11.928,17.008828125000036,16.15614011712279,85,1019.3710000000001
142,1666648800000,1666648800000,1666648800000,1666648800000,1666648800000,1666648800000,2022-10-24 22:00:00,2022-10-24 22:00:00,2022-10-24 22:00:00,2022-10-24 22:00:00,2022-10-24 22:00:00,2022-10-24 22:00:00,0.007999999999999119,11.936,16.36980468750005,15.549067859115553,89,1019.3416000000001
143,1666652400000,1666652400000,1666652400000,1666652400000,1666652400000,1666652400000,2022-10-24 23:00:00,2022-10-24 23:00:00,2022-10-24 23:00:00,2022-10-24 23:00:00,2022-10-24 23:00:00,2022-10-24 23:00:00,0.03200000000000003,11.968,16.288574218750057,15.471898914771401,88,1020.186
144,1666656000000,1666656000000,1666656000000,1666656000000,1666656000000,1666656000000,2022-10-25 00:00:00,2022-10-25 00:00:00,2022-10-25 00:00:00,2022-10-25 00:00:00,2022-10-25 00:00:00,2022-10-25 00:00:00,0.008000000000000895,11.976,16.406132812500005,15.58357957743246,85,1021.0996
145,1666659600000,1666659600000,1666659600000,1666659600000,1666659600000,1666659600000,2022-10-25 01:00:00,2022-10-25 01:00:00,2022-10-25 01:00:00,2022-10-25 01:00:00,2022-10-25 01:00:00,2022-10-25 01:00:00,0.0,11.976,16.33244140625004,15.51357274237344,83,1021.3149000000001
146,1666663200000,1666663200000,1666663200000,1666663200000,1666663200000,1666663200000,2022-10-25 02:00:00,2022-10-25 02:00:00,2022-10-25 02:00:00,2022-10-25 02:00:00,2022-10-25 02:00:00,2022-10-25 02:00:00,0.0,11.976,16.288593750000018,15.471917469458646,82,1020.6094
147,1666666800000,1666666800000,1666666800000,1666666800000,1666666800000,1666666800000,2022-10-25 03:00:00,2022-10-25 03:00:00,2022-10-25 03:00:00,2022-10-25 03:00:00,2022-10-25 03:00:00,2022-10-25 03:00:00,0.0,11.976,16.26095703125003,15.445662586975601,82,1020.5722999999999
148,1666670400000,1666670400000,1666670400000,1666670400000,1666670400000,1666670400000,2022-10-25 04:00:00,2022-10-25 04:00:00,2022-10-25 04:00:00,2022-10-25 04:00:00,2022-10-25 04:00:00,2022-10-25 04:00:00,0.0,11.976,16.179082031250005,15.367881337951616,81,1021.0335
149,1666674000000,1666674000000,1666674000000,1666674000000,1666674000000,1666674000000,2022-10-25 05:00:00,2022-10-25 05:00:00,2022-10-25 05:00:00,2022-10-25 05:00:00,2022-10-25 05:00:00,2022-10-25 05:00:00,0.0,11.976,15.902714843750005,15.10533251312117,81,1020.1517
150,1666677600000,1666677600000,1666677600000,1666677600000,1666677600000,1666677600000,2022-10-25 06:00:00,2022-10-25 06:00:00,2022-10-25 06:00:00,2022-10-25 06:00:00,2022-10-25 06:00:00,2022-10-25 06:00:00,0.0,11.976,15.73503906250005,14.946040522932549,82,1019.403
151,1666681200000,1666681200000,1666681200000,1666681200000,1666681200000,1666681200000,2022-10-25 07:00:00,2022-10-25 07:00:00,2022-10-25 07:00:00,2022-10-25 07:00:00,2022-10-25 07:00:00,2022-10-25 07:00:00,0.0,11.976,15.261250000000018,14.495940919205538,85,1019.5471000000001
152,1666684800000,1666684800000,1666684800000,1666684800000,1666684800000,1666684800000,2022-10-25 08:00:00,2022-10-25 08:00:00,2022-10-25 08:00:00,2022-10-25 08:00:00,2022-10-25 08:00:00,2022-10-25 08:00:00,0.0,11.976,14.95406250000002,14.20411279786748,86,1020.7853
153,1666688400000,1666688400000,1666688400000,1666688400000,1666688400000,1666688400000,2022-10-25 09:00:00,2022-10-25 09:00:00,2022-10-25 09:00:00,2022-10-25 09:00:00,2022-10-25 09:00:00,2022-10-25 09:00:00,0.0,11.976,14.831386718750025,14.087570807142413,86,1021.2312
154,1666692000000,1666692000000,1666692000000,1666692000000,1666692000000,1666692000000,2022-10-25 10:00:00,2022-10-25 10:00:00,2022-10-25 10:00:00,2022-10-25 10:00:00,2022-10-25 10:00:00,2022-10-25 10:00:00,0.0,11.976,16.154863281250016,15.344873525740326,78,1020.6878
155,1666695600000,1666695600000,1666695600000,1666695600000,1666695600000,1666695600000,2022-10-25 11:00:00,2022-10-25 11:00:00,2022-10-25 11:00:00,2022-10-25 11:00:00,2022-10-25 11:00:00,2022-10-25 11:00:00,0.0,11.976,18.081367187500007,17.175052213712092,68,1020.768
156,1666699200000,1666699200000,1666699200000,1666699200000,1666699200000,1666699200000,2022-10-25 12:00:00,2022-10-25 12:00:00,2022-10-25 12:00:00,2022-10-25 12:00:00,2022-10-25 12:00:00,2022-10-25 12:00:00,0.0,11.976,20.089746093750023,19.083012150707873,57,1020.987
157,1666702800000,1666702800000,1666702800000,1666702800000,1666702800000,1666702800000,2022-10-25 13:00:00,2022-10-25 13:00:00,2022-10-25 13:00:00,2022-10-25 13:00:00,2022-10-25 13:00:00,2022-10-25 13:00:00,0.0,11.976,21.816835937500002,21.75904283589921,49,1020.5319999999999
158,1666706400000,1666706400000,1666706400000,1666706400000,1666706400000,1666706400000,2022-10-25 14:00:00,2022-10-25 14:00:00,2022-10-25 14:00:00,2022-10-25 14:00:00,2022-10-25 14:00:00,2022-10-25 14:00:00,0.0,11.976,22.827480468750025,22.775140070620154,47,1019.3302
159,1666710000000,1666710000000,1666710000000,1666710000000,1666710000000,1666710000000,2022-10-25 15:00:00,2022-10-25 15:00:00,2022-10-25 15:00:00,2022-10-25 15:00:00,2022-10-25 15:00:00,2022-10-25 15:00:00,0.0,11.976,22.745625000000018,22.711936037648115,53,1018.8226000000001
160,1666713600000,1666713600000,1666713600000,1666713600000,1666713600000,1666713600000,2022-10-25 16:00:00,2022-10-25 16:00:00,2022-10-25 16:00:00,2022-10-25 16:00:00,2022-10-25 16:00:00,2022-10-25 16:00:00,0.0,11.976,22.66623046875003,22.64121609769481,56,1018.9188
161,1666717200000,1666717200000,1666717200000,1666717200000,1666717200000,1666717200000,2022-10-25 17:00:00,2022-10-25 17:00:00,2022-10-25 17:00:00,2022-10-25 17:00:00,2022-10-25 17:00:00,2022-10-25 17:00:00,0.0,11.976,22.270527343750018,22.247454111051553,58,1018.2351000000001
162,1666720800000,1666720800000,1666720800000,1666720800000,1666720800000,1666720800000,2022-10-25 18:00:00,2022-10-25 18:00:00,2022-10-25 18:00:00,2022-10-25 18:00:00,2022-10-25 18:00:00,2022-10-25 18:00:00,0.0,11.976,21.51804687500004,21.49870822501495,62,1017.3783
163,1666724400000,1666724400000,1666724400000,1666724400000,1666724400000,1666724400000,2022-10-25 19:00:00,2022-10-25 19:00:00,2022-10-25 19:00:00,2022-10-25 19:00:00,2022-10-25 19:00:00,2022-10-25 19:00:00,0.0,11.976,20.335000000000036,19.31600335872173,69,1017.2859
164,1666728000000,1666728000000,1666728000000,1666728000000,1666728000000,1666728000000,2022-10-25 20:00:00,2022-10-25 20:00:00,2022-10-25 20:00:00,2022-10-25 20:00:00,2022-10-25 20:00:00,2022-10-25 20:00:00,0.0,11.976,18.988769531250057,18.037084429457565,76,1018.2841999999999
165,1666731600000,1666731600000,1666731600000,1666731600000,1666731600000,1666731600000,2022-10-25 21:00:00,2022-10-25 21:00:00,2022-10-25 21:00:00,2022-10-25 21:00:00,2022-10-25 21:00:00,2022-10-25 21:00:00,0.0,11.976,17.88835937500005,16.99169479413797,81,1018.7355
166,1666735200000,1666735200000,1666735200000,1666735200000,1666735200000,1666735200000,2022-10-25 22:00:00,2022-10-25 22:00:00,2022-10-25 22:00:00,2022-10-25 22:00:00,2022-10-25 22:00:00,2022-10-25 22:00:00,0.0,11.976,17.226152343750016,16.362598122344565,84,1018.3939
167,1666738800000,1666738800000,1666738800000,1666738800000,1666738800000,1666738800000,2022-10-25 23:00:00,2022-10-25 23:00:00,2022-10-25 23:00:00,2022-10-25 23:00:00,2022-10-25 23:00:00,2022-10-25 23:00:00,0.0,11.976,17.119511718750005,16.26128952986582,84,1018.9895
168,1666742400000,1666742400000,1666742400000,1666742400000,1666742400000,1666742400000,2022-10-26 00:00:00,2022-10-26 00:00:00,2022-10-26 00:00:00,2022-10-26 00:00:00,2022-10-26 00:00:00,2022-10-26 00:00:00,0.0,11.976,16.907792968750016,16.060156719889704,84,1019.839
169,1666746000000,1666746000000,1666746000000,1666746000000,1666746000000,1666746000000,2022-10-26 01:00:00,2022-10-26 01:00:00,2022-10-26 01:00:00,2022-10-26 01:00:00,2022-10-26 01:00:00,2022-10-26 01:00:00,0.0,11.976,16.782578125000043,15.941202619819904,84,1019.6968
170,1666749600000,1666749600000,1666749600000,1666749600000,1666749600000,1666749600000,2022-10-26 02:00:00,2022-10-26 02:00:00,2022-10-26 02:00:00,2022-10-26 02:00:00,2022-10-26 02:00:00,2022-10-26 02:00:00,0.0,11.976,16.736562500000048,15.897487776618448,83,1019.1038000000001
171,1666753200000,1666753200000,1666753200000,1666753200000,1666753200000,1666753200000,2022-10-26 03:00:00,2022-10-26 03:00:00,2022-10-26 03:00:00,2022-10-26 03:00:00,2022-10-26 03:00:00,2022-10-26 03:00:00,0.0,11.976,16.60417968750005,15.771724106321585,82,1018.8736
172,1666756800000,1666756800000,1666756800000,1666756800000,1666756800000,1666756800000,2022-10-26 04:00:00,2022-10-26 04:00:00,2022-10-26 04:00:00,2022-10-26 04:00:00,2022-10-26 04:00:00,2022-10-26 04:00:00,0.0,11.976,16.21314453125001,15.400240712545553,82,1019.3462
173,1666760400000,1666760400000,1666760400000,1666760400000,1666760400000,1666760400000,2022-10-26 05:00:00,2022-10-26 05:00:00,2022-10-26 05:00:00,2022-10-26 05:00:00,2022-10-26 05:00:00,2022-10-26 05:00:00,0.0,11.976,15.798476562500014,15.006306147176275,84,1018.7141
174,1666764000000,1666764000000,1666764000000,1666764000000,1666764000000,1666764000000,2022-10-26 06:00:00,2022-10-26 06:00:00,2022-10-26 06:00:00,2022-10-26 06:00:00,2022-10-26 06:00:00,2022-10-26 06:00:00,0.0,11.976,15.694492187500032,14.9075209921659,85,1017.9181
175,1666767600000,1666767600000,1666767600000,1666767600000,1666767600000,1666767600000,2022-10-26 07:00:00,2022-10-26 07:00:00,2022-10-26 07:00:00,2022-10-26 07:00:00,2022-10-26 07:00:00,2022-10-26 07:00:00,0.0,11.976,15.710292968750025,14.922531734165034,84,1017.4601000000001
176,1666771200000,1666771200000,1666771200000,1666771200000,1666771200000,1666771200000,2022-10-26 08:00:00,2022-10-26 08:00:00,2022-10-26 08:00:00,2022-10-26 08:00:00,2022-10-26 08:00:00,2022-10-26 08:00:00,0.0,11.976,15.75533203125002,14.965318843003104,82,1018.2871
177,1666774800000,1666774800000,1666774800000,1666774800000,1666774800000,1666774800000,2022-10-26 09:00:00,2022-10-26 09:00:00,2022-10-26 09:00:00,2022-10-26 09:00:00,2022-10-26 09:00:00,2022-10-26 09:00:00,0.0,11.976,15.951210937500036,15.151403801605568,81,1018.6724
178,1666778400000,1666778400000,1666778400000,1666778400000,1666778400000,1666778400000,2022-10-26 10:00:00,2022-10-26 10:00:00,2022-10-26 10:00:00,2022-10-26 10:00:00,2022-10-26 10:00:00,2022-10-26 10:00:00,0.0,11.976,17.25361328125001,16.38868601264221,72,1018.3597
179,1666782000000,1666782000000,1666782000000,1666782000000,1666782000000,1666782000000,2022-10-26 11:00:00,2022-10-26 11:00:00,2022-10-26 11:00:00,2022-10-26 11:00:00,2022-10-26 11:00:00,2022-10-26 11:00:00,0.0,11.976,19.462558593750032,18.487184033184548,61,1018.5752
180,1666785600000,1666785600000,1666785600000,1666785600000,1666785600000,1666785600000,2022-10-26 12:00:00,2022-10-26 12:00:00,2022-10-26 12:00:00,2022-10-26 12:00:00,2022-10-26 12:00:00,2022-10-26 12:00:00,0.0,11.976,21.800390625000034,21.744723228471514,50,1018.7907
